run_index,run_label,cipher,model,rounds,seed,samples_per_class,pairs_per_sample,epoch,train_loss,train_eval_loss,train_accuracy,train_auc,val_loss,val_accuracy,val_auc,learning_rate
1,run1: uKNIT-BC r5 spn_zhang_wang_mcnd_adapter seed3,uKNIT-BC,spn_zhang_wang_mcnd_adapter,5,3,262144,4,1.0,0.25076849874676554,0.6939023759914562,0.5026130676269531,0.5097442774931551,0.6944971258926671,0.49883270263671875,0.49776626541279256,0.0001
1,run1: uKNIT-BC r5 spn_zhang_wang_mcnd_adapter seed3,uKNIT-BC,spn_zhang_wang_mcnd_adapter,5,3,262144,4,2.0,0.25022098108274804,0.6925236726674484,0.5164279937744141,0.5240518415448605,0.6934036196325906,0.5005416870117188,0.5000751689076424,0.0001
1,run1: uKNIT-BC r5 spn_zhang_wang_mcnd_adapter seed3,uKNIT-BC,spn_zhang_wang_mcnd_adapter,5,3,262144,4,3.0,0.24999879497045185,0.6914623227130505,0.5286388397216797,0.5401620487464243,0.6937257750832941,0.4985198974609375,0.49830687162466347,0.0001
1,run1: uKNIT-BC r5 spn_zhang_wang_mcnd_adapter seed3,uKNIT-BC,spn_zhang_wang_mcnd_adapter,5,3,262144,4,4.0,0.24940468170825625,0.6893340042370255,0.5356502532958984,0.5585420552961295,0.6952917479793541,0.49997711181640625,0.49970758776180446,0.0001
1,run1: uKNIT-BC r5 spn_zhang_wang_mcnd_adapter seed3,uKNIT-BC,spn_zhang_wang_mcnd_adapter,5,3,262144,4,5.0,0.2481455306206044,0.684188972285483,0.5589427947998047,0.5909446731893695,0.6968146956642158,0.500152587890625,0.4993867559824139,0.0001
1,run1: uKNIT-BC r5 spn_zhang_wang_mcnd_adapter seed3,uKNIT-BC,spn_zhang_wang_mcnd_adapter,5,3,262144,4,6.0,0.24549084030513768,0.6736578043419286,0.5833568572998047,0.6196207887114724,0.7040196808229666,0.497589111328125,0.49727287178393453,0.0001
1,run1: uKNIT-BC r5 spn_zhang_wang_mcnd_adapter seed3,uKNIT-BC,spn_zhang_wang_mcnd_adapter,5,3,262144,4,7.0,0.24118116413410462,0.6639373492871528,0.5954475402832031,0.6625085570340161,0.7151058719900902,0.5014877319335938,0.5023898050421849,0.0001
1,run1: uKNIT-BC r5 spn_zhang_wang_mcnd_adapter seed3,uKNIT-BC,spn_zhang_wang_mcnd_adapter,5,3,262144,4,8.0,0.23511342994061124,0.6411898447549902,0.6397132873535156,0.6949980455246987,0.7197830115619581,0.5015487670898438,0.5013328407658264,0.0001
1,run1: uKNIT-BC r5 spn_zhang_wang_mcnd_adapter seed3,uKNIT-BC,spn_zhang_wang_mcnd_adapter,5,3,262144,4,9.0,0.2273809580019588,0.623798314773012,0.6567516326904297,0.7330641811495298,0.7355070298945066,0.5027542114257812,0.5025974800810218,0.0001
1,run1: uKNIT-BC r5 spn_zhang_wang_mcnd_adapter seed3,uKNIT-BC,spn_zhang_wang_mcnd_adapter,5,3,262144,4,10.0,0.21874337628833018,0.5943611476432125,0.69207763671875,0.7605266802274855,0.7527630039840005,0.5006637573242188,0.5023976513184607,0.0001
2,run2: uKNIT-BC r5 spn_liu_case3_conv2d_adapter seed3,uKNIT-BC,spn_liu_case3_conv2d_adapter,5,3,262144,4,1.0,0.2502639146423462,0.6932347632973688,0.5,0.5102601791149937,0.6932696236472111,0.5,0.49940054945182055,0.0001
2,run2: uKNIT-BC r5 spn_liu_case3_conv2d_adapter seed3,uKNIT-BC,spn_liu_case3_conv2d_adapter,5,3,262144,4,2.0,0.2500775183598307,0.6935236378194531,0.5,0.5060548124674824,0.6935312295681797,0.5,0.499691283213906,0.0001
2,run2: uKNIT-BC r5 spn_liu_case3_conv2d_adapter seed3,uKNIT-BC,spn_liu_case3_conv2d_adapter,5,3,262144,4,3.0,0.2500480330290884,0.6932035817953874,0.5,0.5031277605085052,0.6932109411573038,0.5,0.4991502132033929,0.0001
2,run2: uKNIT-BC r5 spn_liu_case3_conv2d_adapter seed3,uKNIT-BC,spn_liu_case3_conv2d_adapter,5,3,262144,4,4.0,0.2500349780511897,0.6931968190838234,0.5,0.5007602128171129,0.6931963457900565,0.5,0.5008740299381316,0.0001
2,run2: uKNIT-BC r5 spn_liu_case3_conv2d_adapter seed3,uKNIT-BC,spn_liu_case3_conv2d_adapter,5,3,262144,4,5.0,0.2500306648798869,0.6931510078065912,0.5000076293945312,0.501687393472821,0.6931610303581692,0.4999847412109375,0.49635917984414846,0.0001
2,run2: uKNIT-BC r5 spn_liu_case3_conv2d_adapter seed3,uKNIT-BC,spn_liu_case3_conv2d_adapter,5,3,262144,4,6.0,0.2500201919574465,0.6931883022698457,0.5,0.5029308694502106,0.6931950213329401,0.5,0.5000406120670959,0.0001
2,run2: uKNIT-BC r5 spn_liu_case3_conv2d_adapter seed3,uKNIT-BC,spn_liu_case3_conv2d_adapter,5,3,262144,4,7.0,0.25001336238165095,0.6931474040611647,0.5005836486816406,0.5013613377741422,0.6931537856871728,0.49996185302734375,0.4989899665815756,0.0001
2,run2: uKNIT-BC r5 spn_liu_case3_conv2d_adapter seed3,uKNIT-BC,spn_liu_case3_conv2d_adapter,5,3,262144,4,8.0,0.2500125865517475,0.6931444542133249,0.4999523162841797,0.5030241774074966,0.69314531472628,0.5001068115234375,0.5021071671508253,0.0001
2,run2: uKNIT-BC r5 spn_liu_case3_conv2d_adapter seed3,uKNIT-BC,spn_liu_case3_conv2d_adapter,5,3,262144,4,9.0,0.2500090538233053,0.693145065306453,0.5009689331054688,0.5016788503635325,0.6931404705101158,0.5018844604492188,0.5025764384772629,0.0001
2,run2: uKNIT-BC r5 spn_liu_case3_conv2d_adapter seed3,uKNIT-BC,spn_liu_case3_conv2d_adapter,5,3,262144,4,10.0,0.25000559864020033,0.6931446844173479,0.5004425048828125,0.502414783470158,0.6931505179964006,0.5003280639648438,0.5001510593574494,0.0001
3,run3: uKNIT-BC r5 spn_gohr_style_resnet_pairset_adapter seed3,uKNIT-BC,spn_gohr_style_resnet_pairset_adapter,5,3,262144,4,1.0,0.2502655757834873,0.6932054282806348,0.5017623901367188,0.503791990056925,0.6933067464560736,0.4999542236328125,0.49912030284758657,0.0001
3,run3: uKNIT-BC r5 spn_gohr_style_resnet_pairset_adapter seed3,uKNIT-BC,spn_gohr_style_resnet_pairset_adapter,5,3,262144,4,2.0,0.25008915923172026,0.693579735547246,0.5002994537353516,0.5018259917633259,0.6936070621886756,0.499908447265625,0.5009688558056951,0.0001
3,run3: uKNIT-BC r5 spn_gohr_style_resnet_pairset_adapter seed3,uKNIT-BC,spn_gohr_style_resnet_pairset_adapter,5,3,262144,4,3.0,0.2500508496596012,0.6932466701546218,0.5000858306884766,0.5006063902474125,0.6932353022857569,0.49971771240234375,0.5021486420882866,0.0001
3,run3: uKNIT-BC r5 spn_gohr_style_resnet_pairset_adapter seed3,uKNIT-BC,spn_gohr_style_resnet_pairset_adapter,5,3,262144,4,4.0,0.25003191263203917,0.6931447707538609,0.5015430450439453,0.5024328477666131,0.6931694089726079,0.49991607666015625,0.49937666638288647,0.0001
3,run3: uKNIT-BC r5 spn_gohr_style_resnet_pairset_adapter seed3,uKNIT-BC,spn_gohr_style_resnet_pairset_adapter,5,3,262144,4,5.0,0.25002325924106117,0.6931527506239945,0.5000896453857422,0.5004828233577427,0.6931666976888664,0.49929046630859375,0.4979064646176994,0.0001
3,run3: uKNIT-BC r5 spn_gohr_style_resnet_pairset_adapter seed3,uKNIT-BC,spn_gohr_style_resnet_pairset_adapter,5,3,262144,4,6.0,0.2500153537203005,0.6931859664837248,0.5,0.5001573139306856,0.6931782167521305,0.5,0.502705259481445,0.0001
3,run3: uKNIT-BC r5 spn_gohr_style_resnet_pairset_adapter seed3,uKNIT-BC,spn_gohr_style_resnet_pairset_adapter,5,3,262144,4,7.0,0.25001048031299433,0.6931470385752618,0.5000343322753906,0.500424774523708,0.6931439348845743,0.5021820068359375,0.5015969909727573,0.0001
3,run3: uKNIT-BC r5 spn_gohr_style_resnet_pairset_adapter seed3,uKNIT-BC,spn_gohr_style_resnet_pairset_adapter,5,3,262144,4,8.0,0.2500092213103926,0.6931480263810954,0.4998130798339844,0.4996212285986985,0.6931507702101953,0.498016357421875,0.4965310657862574,0.0001
3,run3: uKNIT-BC r5 spn_gohr_style_resnet_pairset_adapter seed3,uKNIT-BC,spn_gohr_style_resnet_pairset_adapter,5,3,262144,4,9.0,0.2500070402438723,0.6931456523307133,0.5014743804931641,0.5016635575157125,0.6931469220144209,0.5009002685546875,0.5007910780841485,0.0001
3,run3: uKNIT-BC r5 spn_gohr_style_resnet_pairset_adapter seed3,uKNIT-BC,spn_gohr_style_resnet_pairset_adapter,5,3,262144,4,10.0,0.2500048997444537,0.6931486770117772,0.4999885559082031,0.5013384988997132,0.693150814564433,0.50030517578125,0.5000211037695408,0.0001
4,run4: uKNIT-BC r5 spn_zhang_wang_mcnd_adapter seed4,uKNIT-BC,spn_zhang_wang_mcnd_adapter,5,4,262144,4,1.0,0.250925513500988,0.6927939927918487,0.5104293823242188,0.5155586439068429,0.693387892388273,0.500457763671875,0.5004164924612269,0.0001
4,run4: uKNIT-BC r5 spn_zhang_wang_mcnd_adapter seed4,uKNIT-BC,spn_zhang_wang_mcnd_adapter,5,4,262144,4,2.0,0.2502103951119352,0.6927588007529266,0.5101852416992188,0.5239177377079614,0.69392453529872,0.49936676025390625,0.5016060007037595,0.0001
4,run4: uKNIT-BC r5 spn_zhang_wang_mcnd_adapter seed4,uKNIT-BC,spn_zhang_wang_mcnd_adapter,5,4,262144,4,3.0,0.2499527941690758,0.6914576196868438,0.5289306640625,0.5393972540841787,0.6935048750019632,0.5017547607421875,0.5029437394114211,0.0001
4,run4: uKNIT-BC r5 spn_zhang_wang_mcnd_adapter seed4,uKNIT-BC,spn_zhang_wang_mcnd_adapter,5,4,262144,4,4.0,0.24940475378753035,0.6889857529677101,0.5397148132324219,0.5655046575993765,0.6948020588606596,0.5016860961914062,0.5006024035392329,0.0001
4,run4: uKNIT-BC r5 spn_zhang_wang_mcnd_adapter seed4,uKNIT-BC,spn_zhang_wang_mcnd_adapter,5,4,262144,4,5.0,0.24802936447304091,0.6838068288052455,0.5586528778076172,0.5947113556758268,0.6972011202597059,0.5002975463867188,0.4992339658783749,0.0001
4,run4: uKNIT-BC r5 spn_zhang_wang_mcnd_adapter seed4,uKNIT-BC,spn_zhang_wang_mcnd_adapter,5,4,262144,4,6.0,0.245237286639167,0.6730968133415445,0.5879249572753906,0.6238970295817126,0.7015028703026474,0.5014572143554688,0.5011153509840369,0.0001
4,run4: uKNIT-BC r5 spn_zhang_wang_mcnd_adapter seed4,uKNIT-BC,spn_zhang_wang_mcnd_adapter,5,4,262144,4,7.0,0.2408486873973743,0.6585397379240021,0.6086349487304688,0.6575824177416507,0.7154134266020264,0.500457763671875,0.5005055028013885,0.0001
4,run4: uKNIT-BC r5 spn_zhang_wang_mcnd_adapter seed4,uKNIT-BC,spn_zhang_wang_mcnd_adapter,5,4,262144,4,8.0,0.2350894580322347,0.6394681794481585,0.6408119201660156,0.6949920079860021,0.7225504484085832,0.5019683837890625,0.500082170823589,0.0001
4,run4: uKNIT-BC r5 spn_zhang_wang_mcnd_adapter seed4,uKNIT-BC,spn_zhang_wang_mcnd_adapter,5,4,262144,4,9.0,0.22804626109609671,0.6276988014942617,0.6475429534912109,0.7263036576550803,0.7474941597029101,0.4995269775390625,0.5004452578723431,0.0001
4,run4: uKNIT-BC r5 spn_zhang_wang_mcnd_adapter seed4,uKNIT-BC,spn_zhang_wang_mcnd_adapter,5,4,262144,4,10.0,0.21988538327968854,0.5978361883207981,0.6840648651123047,0.7585354839829961,0.7611087026598398,0.500244140625,0.4994543008506298,0.0001
5,run5: uKNIT-BC r5 spn_liu_case3_conv2d_adapter seed4,uKNIT-BC,spn_liu_case3_conv2d_adapter,5,4,262144,4,1.0,0.25024068178390735,0.6934235576190986,0.5,0.5103347294570995,0.6934722119476646,0.5,0.49629658623598516,0.0001
5,run5: uKNIT-BC r5 spn_liu_case3_conv2d_adapter seed4,uKNIT-BC,spn_liu_case3_conv2d_adapter,5,4,262144,4,2.0,0.2500739207116567,0.6931609222665429,0.5,0.5040750776533969,0.693168438214343,0.5000839233398438,0.5013180687092245,0.0001
5,run5: uKNIT-BC r5 spn_liu_case3_conv2d_adapter seed4,uKNIT-BC,spn_liu_case3_conv2d_adapter,5,4,262144,4,3.0,0.25003406266296224,0.6931889118204708,0.5000019073486328,0.5035635370077216,0.6931969864235725,0.49999237060546875,0.5017549025360495,0.0001
5,run5: uKNIT-BC r5 spn_liu_case3_conv2d_adapter seed4,uKNIT-BC,spn_liu_case3_conv2d_adapter,5,4,262144,4,4.0,0.25002035770739894,0.6931789395748638,0.5,0.5034849339499488,0.693189209792763,0.5,0.4998290090588853,0.0001
5,run5: uKNIT-BC r5 spn_liu_case3_conv2d_adapter seed4,uKNIT-BC,spn_liu_case3_conv2d_adapter,5,4,262144,4,5.0,0.2500152347074618,0.6932059558821493,0.5,0.5022788227361161,0.6932143095473293,0.5,0.49857683945447206,0.0001
5,run5: uKNIT-BC r5 spn_liu_case3_conv2d_adapter seed4,uKNIT-BC,spn_liu_case3_conv2d_adapter,5,4,262144,4,6.0,0.2500128055780806,0.6931529891735408,0.5,0.5006075632190914,0.6931552653841209,0.5,0.49858948425389826,0.0001
5,run5: uKNIT-BC r5 spn_liu_case3_conv2d_adapter seed4,uKNIT-BC,spn_liu_case3_conv2d_adapter,5,4,262144,4,7.0,0.2500089740024123,0.6931456181555404,0.5000839233398438,0.5029971676631249,0.6931496749166399,0.5004501342773438,0.49880965787451714,0.0001
5,run5: uKNIT-BC r5 spn_liu_case3_conv2d_adapter seed4,uKNIT-BC,spn_liu_case3_conv2d_adapter,5,4,262144,4,8.0,0.25000908817855816,0.6931455366502632,0.5011959075927734,0.5021091388189234,0.6931489853013773,0.5005416870117188,0.49825119401793927,0.0001
5,run5: uKNIT-BC r5 spn_liu_case3_conv2d_adapter seed4,uKNIT-BC,spn_liu_case3_conv2d_adapter,5,4,262144,4,9.0,0.2500063769839471,0.6931447803435731,0.5013027191162109,0.5026503892586334,0.6931450573320035,0.5030746459960938,0.5025960284983739,0.0001
5,run5: uKNIT-BC r5 spn_liu_case3_conv2d_adapter seed4,uKNIT-BC,spn_liu_case3_conv2d_adapter,5,4,262144,4,10.0,0.2500039515471144,0.6931764033142827,0.5,0.5014752456263523,0.6931766328052618,0.5,0.5000543583882973,0.0001
6,run6: uKNIT-BC r5 spn_gohr_style_resnet_pairset_adapter seed4,uKNIT-BC,spn_gohr_style_resnet_pairset_adapter,5,4,262144,4,1.0,0.2502895816687669,0.6933216919132974,0.5009231567382812,0.5061383387583192,0.6934275852399878,0.50018310546875,0.5001177102094516,0.0001
6,run6: uKNIT-BC r5 spn_gohr_style_resnet_pairset_adapter seed4,uKNIT-BC,spn_gohr_style_resnet_pairset_adapter,5,4,262144,4,2.0,0.25012037725173286,0.6931468398979632,0.5023460388183594,0.5035282629833091,0.6932082257699221,0.4996337890625,0.49895987508352846,0.0001
6,run6: uKNIT-BC r5 spn_gohr_style_resnet_pairset_adapter seed4,uKNIT-BC,spn_gohr_style_resnet_pairset_adapter,5,4,262144,4,3.0,0.25005846203021065,0.6932101898419205,0.50091552734375,0.5022595512418775,0.6932750873966143,0.5001068115234375,0.4976516392780468,0.0001
6,run6: uKNIT-BC r5 spn_gohr_style_resnet_pairset_adapter seed4,uKNIT-BC,spn_gohr_style_resnet_pairset_adapter,5,4,262144,4,4.0,0.2500346303022525,0.6931940889553516,0.5002002716064453,0.502790756385366,0.6932117544056382,0.5002975463867188,0.49938078853301704,0.0001
6,run6: uKNIT-BC r5 spn_gohr_style_resnet_pairset_adapter seed4,uKNIT-BC,spn_gohr_style_resnet_pairset_adapter,5,4,262144,4,5.0,0.25001950723526534,0.6932259053064627,0.5,0.5004858857137151,0.6932413901377004,0.5,0.49721911852248013,0.0001
6,run6: uKNIT-BC r5 spn_gohr_style_resnet_pairset_adapter seed4,uKNIT-BC,spn_gohr_style_resnet_pairset_adapter,5,4,262144,4,6.0,0.2500135149075504,0.6931490330462111,0.49993133544921875,0.5011138980262331,0.6931546035921201,0.499298095703125,0.4999747258843854,0.0001
6,run6: uKNIT-BC r5 spn_gohr_style_resnet_pairset_adapter seed4,uKNIT-BC,spn_gohr_style_resnet_pairset_adapter,5,4,262144,4,7.0,0.25000991321394395,0.6931484019514755,0.4999256134033203,0.4998825463335379,0.6931453175493516,0.5019683837890625,0.5015553941484541,0.0001
6,run6: uKNIT-BC r5 spn_gohr_style_resnet_pairset_adapter seed4,uKNIT-BC,spn_gohr_style_resnet_pairset_adapter,5,4,262144,4,8.0,0.25000914675365493,0.6931463435321348,0.5004081726074219,0.5009216045218636,0.693147021374898,0.5001907348632812,0.5004523452371359,0.0001
6,run6: uKNIT-BC r5 spn_gohr_style_resnet_pairset_adapter seed4,uKNIT-BC,spn_gohr_style_resnet_pairset_adapter,5,4,262144,4,9.0,0.25000661343801767,0.6931453976649209,0.5006999969482422,0.5008000881498447,0.6931442885834258,0.50067138671875,0.5012392848730087,0.0001
6,run6: uKNIT-BC r5 spn_gohr_style_resnet_pairset_adapter seed4,uKNIT-BC,spn_gohr_style_resnet_pairset_adapter,5,4,262144,4,10.0,0.2500023987104214,0.6931706642280915,0.5,0.5015925691550365,0.6931730953801889,0.5,0.4997369683114812,0.0001
